{
  "rules": {
    "adjacent-overload-signatures": true,
    "array-type": [
      true,
      "array-simple"
    ],
    "arrow-parens": true,
    "arrow-return-shorthand": true,
    "align": [
      true,
      "parameters",
      "arguments",
      "statements"
    ],
    "ban-comma-operator": true,
    "ban-types": [
      true,
      ["Object", "Use {} instead."],
      ["String", "Use string instead."]
    ],
    "binary-expression-operand-order": true,
    "class-name": true,
    "comment-format": [
      true,
      "check-space"
    ],
    "curly": true,
    "eofline": true,
    "forin": true,
    "import-spacing": true,
    "indent": [
      true,
      "spaces"
    ],
    "interface-over-type-literal": true,
    "jsdoc-format": true,
    "label-position": true,
    "max-classes-per-file": [
      true,
      2
    ],
    "max-line-length": [
      true,
      150
    ],
    "member-access": [
      true,
      "check-accessor"
    ],
    "member-ordering": [
      true,
      {
        "order": "statics-first"
      }
    ],
    "newline-before-return": true,
    "new-parens": true,
    "no-arg": true,
    "no-bitwise": true,
    "no-conditional-assignment": true,
    "no-consecutive-blank-lines": [
      true,
      1
    ],
    "no-console": [
      true,
      "log",
      "error"
    ],
    "no-construct": true,
    "no-debugger": true,
    "no-default-export": true,
    "no-duplicate-imports": true,
    "no-duplicate-super": true,
    "no-duplicate-switch-case": true,
    "no-duplicate-variable": true,
    "no-empty": true,
    "no-eval": true,
    "no-internal-module": true,
    "no-invalid-template-strings": true,
    "no-invalid-this": [
      true,
      "check-function-in-method"
    ],
    "no-irregular-whitespace": true,
    "no-object-literal-type-assertion": true,
    "no-namespace": true,
    "no-parameter-properties": true,
    "no-reference": true,
    "no-return-await": true,
    "no-shadowed-variable": true,
    "no-sparse-arrays": true,
    "no-string-literal": true,
    "no-switch-case-fall-through": true,
    "no-trailing-whitespace": true,
    "no-unsafe-finally": true,
    "no-unused-expression": true,
    "no-var-keyword": true,
    "no-var-requires": true,
    "object-literal-key-quotes": [
      true,
      "consistent-as-needed"
    ],
    "object-literal-shorthand": true,
    "object-literal-sort-keys": false,
    "one-line": [
      true,
      "check-catch",
      "check-else",
      "check-finally",
      "check-open-brace",
      "check-whitespace"
    ],
    "one-variable-per-declaration": [
      true,
      "ignore-for-loop"
    ],
    "only-arrow-functions": [
      true,
      "allow-declarations"
    ],
    "ordered-imports": [
      true,
      {
        "import-sources-order": "case-insensitive",
        "named-imports-order": "case-insensitive"
      }
    ],
    "prefer-conditional-expression": true,
    "prefer-const": true,
    "prefer-for-of": true,
    "prefer-object-spread": true,
    "quotemark": [
      true,
      "single",
      "avoid-escape"
    ],
    "radix": true,
    "semicolon": [
      true,
      "always"
    ],
    "switch-default": true,
    "trailing-comma": [
      true,
      {
        "multiline": "always",
        "singleline": "never"
      }
    ],
    "triple-equals": [
      true,
      "allow-null-check"
    ],
    "typedef": [
      true,
      "call-signature",
      //"arrow-call-signature",
      "parameter",
      //"arrow-parameter",
      "property-declaration",
      "member-variable-declaration"
      //"object-destructuring",
      //"array-destructuring"
    ],
    "typedef-whitespace": [
      true,
      {
        "call-signature": "onespace",
        "index-signature": "onespace",
        "parameter": "onespace",
        "property-declaration": "onespace",
        "variable-declaration": "onespace"
      },
      {
        "call-signature": "onespace",
        "index-signature": "onespace",
        "parameter": "onespace",
        "property-declaration": "onespace",
        "variable-declaration": "onespace"
      }
    ],
    "unified-signatures": true,
    "use-isnan": true,
    "variable-name": [
      true,
      "ban-keywords",
      "check-format",
      "allow-pascal-case",
      "allow-leading-underscore"
    ],
    "whitespace": [
      true,
      "check-branch",
      "check-decl",
      "check-operator",
      "check-separator",
      "check-type",
      "check-typecast"
    ]
  }
}
